train_acc,train_loss,val_acc,val_loss
0.042505263157894733,4.250393,0.06640000000000001,4.019469
0.07930526315789474,3.9183316,0.0996,3.8195198
0.13025263157894734,3.6382291,0.15,3.5164826
